Doctor,1
Teacher,2
Manager,3
Nurse,4
Owner,5
developer,6
Supervisor,7
Sales,8
Project Manager,9
Office Manager,10
General Manager,11
Director,12
manager,13
teacher,14
owner,15
Engineer,16
President,17
Vice President,18
Attorney,19
Operations Manager,20
Accountant,21
Administrative Assistant,22
Sales Manager,23
Account Manager,24
sales,25
Police Officer,26
supervisor,27
Executive Assistant,28
Store Manager,29
Technician,30
Driver,31
Truck Driver,32
Software Engineer,33
Paralegal,34
Controller,35
Consultant,36
Assistant Manager,37
Program Manager,38
Branch Manager,39
Server,40
Administrator,41
Principal,42
Account Executive,43
Mechanic,44
Business Analyst,45
registered nurse,46
CEO,47
Executive Director,48
Professor,49
IT Manager,50
Registered nurse,51
Electrician,52
mechanic,53
Foreman,54
Director of Operations,55
Associate,56
Customer Service,57
Legal Assistant,58
Secretary,59
LPN,60
Operator,61
District Manager,62
Financial Advisor,63
Financial Analyst,64
Superintendent,65
Pharmacist,66
Physician,67
nurse,68
Accounting Manager,69
Officer,70
Clerk,71
US Army,72
Social Worker,73
technician,74
Instructor,75
Machinist,76
Bartender,77
Bookkeeper,78
Firefighter,79
Physician,80
Senior Manager,81
Marketing Manager,82
MANAGER,83
Business Manager,84
server,85
Production Manager,86
Senior Accountant,87
Maintenance,88
Network Engineer,89
Service Manager,90
IT Specialist,91
Partner,92
Dentist ,93
Legal Secretary,94
Property Manager,95
Sales Associate,96
Chief,97
technician,98
Pharmacy Manager,99
Inspector,100
Plumber,101
Welder,102
captain,103
pilot,104
Gardener,105
Chef,106
Analyst,107
Carpenter,108
Painter,109
programmer,110
Employee,111
Storekeeper,112
Cashier,113
Counselor,114
human resources,115
HR,116
Graphic Artist,117
Farmer,118
Sheriff,119
Repairer,120
Chemist,121
Biologist,122
Software developer,123
software tester,124
software developer java,125
software developer python,126
network software engineer,127
team leader,128
game developer,129
web developer,130
frontend developer,131
backend developer,132
fullstack developer,133
software developer intern,134
Software Engineer intern,135
